[
    {
        "nama_produk": "baju 1",
        "harga": 100000,
        "gambar": "produk.png"
    },
    {
        "nama_produk": "baju 2",
        "harga": 100000,
        "gambar": "produk.png"
    },
    {
        "nama_produk": "baju 3",
        "harga": 100000,
        "gambar": "produk.png"
    },
    {
        "nama_produk": "baju 4",
        "harga": 100000,
        "gambar": "produk.png"
    },
    {
        "nama_produk": "baju 5",
        "harga": 100000,
        "gambar": "produk.png"
    },
    {
        "nama_produk": "baju 6",
        "harga": 100000,
        "gambar": "produk.png"
    },
    {
        "nama_produk": "baju 7",
        "harga": 100000,
        "gambar": "produk.png"
    },
    {
        "nama_produk": "baju 8",
        "harga": 100000,
        "gambar": "produk.png"
    },
    {
        "nama_produk": "baju 9",
        "harga": 100000,
        "gambar": "produk.png"
    },
    {
        "nama_produk": "baju 10",
        "harga": 100000,
        "gambar": "produk.png"
    },
    {
        "nama_produk": "baju 11",
        "harga": 100000,
        "gambar": "produk.png"
    },
    {
        "nama_produk": "baju 12",
        "harga": 100000,
        "gambar": "produk.png"
    },
    {
        "nama_produk": "baju 13",
        "harga": 100000,
        "gambar": "produk.png"
    }
]
