[
    {
        "id": "1",
        "produks_id": 1,
        "jumlah_produk": 1,
        "transaksis_id": 1
    },
    {
        "id": "1",
        "produks_id": 5,
        "jumlah_produk": 1,
        "transaksis_id": 1
    },
    {
        "id": "1",
        "produks_id": 2,
        "jumlah_produk": 1,
        "transaksis_id": 2
    },
    {
        "id": "1",
        "produks_id": 5,
        "jumlah_produk": 1,
        "transaksis_id": 2
    },
    {
        "id": "1",
        "produks_id": 1,
        "jumlah_produk": 1,
        "transaksis_id": 2
    },
    {
        "id": "1",
        "produks_id": 3,
        "jumlah_produk": 1,
        "transaksis_id": 3
    },
    {
        "id": "1",
        "produks_id": 4,
        "jumlah_produk": 1,
        "transaksis_id": 3
    },
    {
        "id": "1",
        "produks_id": 1,
        "jumlah_produk": 1,
        "transaksis_id": 4
    },
    {
        "id": "1",
        "produks_id": 2,
        "jumlah_produk": 1,
        "transaksis_id": 4
    },
    {
        "id": "1",
        "produks_id": 2,
        "jumlah_produk": 1,
        "transaksis_id": 5
    },
    {
        "id": "1",
        "produks_id": 5,
        "jumlah_produk": 1,
        "transaksis_id": 6
    },
    {
        "id": "1",
        "produks_id": 1,
        "jumlah_produk": 1,
        "transaksis_id": 6
    },
    {
        "id": "1",
        "produks_id": 2,
        "jumlah_produk": 1,
        "transaksis_id": 6
    }
]